,0,1,accuracy,macro avg,weighted avg
precision,0.9460285132382892,0.0,0.9460285132382892,0.4730142566191446,0.8949699478598478
recall,1.0,0.0,0.9460285132382892,0.5,0.9460285132382892
f1-score,0.9722658294086866,0.0,0.9460285132382892,0.4861329147043433,0.9197911970678919
support,929.0,53.0,0.9460285132382892,982.0,982.0
accuracy,0.9460285132382892,,,,
time_seconds,0.33603501319885254,,,,
