precision,recall,f1-score,accuracy,time_seconds
0.8949699478598478,0.9460285132382892,0.919791197067892,0.9460285132382892,0.3360350131988525
0.945339529436682,0.6852941176470588,0.7744411798018562,0.6852941176470588,0.059328556060791
