,0,1,accuracy,macro avg,weighted avg
precision,0.98796992481203,0.11830985915492957,0.6852941176470588,0.5531398919834798,0.945339529436682
recall,0.677319587628866,0.84,0.6852941176470588,0.758659793814433,0.6852941176470588
f1-score,0.8036697247706422,0.2074074074074074,0.6852941176470588,0.5055385660890248,0.7744411798018562
support,970.0,50.0,0.6852941176470588,1020.0,1020.0
accuracy,0.6852941176470588,,,,
time_seconds,0.059328556060791016,,,,
