precision,recall,f1-score,accuracy,time_seconds
0.8949699478598478,0.9460285132382892,0.919791197067892,0.9460285132382892,0.0798239707946777
0.945339529436682,0.6852941176470588,0.7744411798018562,0.6852941176470588,0.059328556060791
0.8948657467060144,0.9439918533604889,0.9187725843602872,0.9439918533604889,0.8020620346069336
0.3333333333333333,0.1,0.1538461538461538,0.946078431372549,0.931238889694214
0.1684210526315789,0.64,0.2666666666666666,0.8274509803921568,1.049431324005127
0.1051344743276283,0.86,0.1873638344226579,0.634313725490196,1.263573169708252
