,precision,recall,f1-score,accuracy,time_seconds
Processed Logistic,0.11830985915492957,0.84,0.2074074074074074,0.6852941176470588,0.12345
Processed XGBoost,0.3333333333333333,0.1,0.1538461538461538,0.946078431372549,0.931238889694214
Processsed XGBoost (Recall_opt),0.1051344743276283,0.86,0.1873638344226579,0.634313725490196,1.263573169708252
Processed LightGBM,0.24175824175824176,0.44,0.3120567375886525,0.9048086359175662,"(0, 87565)"
