,0,1,accuracy,macro avg,weighted avg
precision,0.9459183673469388,0.0,0.9439918533604889,0.4729591836734694,0.8948657467060144
recall,0.9978471474703983,0.0,0.9439918533604889,0.49892357373519913,0.9439918533604889
f1-score,0.9711891042430592,0.0,0.9439918533604889,0.4855945521215296,0.9187725843602871
support,929.0,53.0,0.9439918533604889,982.0,982.0
accuracy,0.9439918533604889,,,,
time_seconds,0.8020620346069336,,,,
