model,variant,threshold,precision,recall,f1-score,accuracy,time_seconds,F2_1
XGBoost,default_0.5,0.5,0.3333333333333333,0.1,0.15384615384615385,0.946078431372549,0.9312388896942139,
XGBoost,F2_opt,0.11393939393939392,0.16842105263157894,0.64,0.26666666666666666,0.8274509803921568,1.049431324005127,0.41025641025641024
XGBoost,Recall_opt,0.029797979797979796,0.10513447432762836,0.86,0.18736383442265794,0.634313725490196,1.263573169708252,
